{
  "total_papers": 2358,
  "average_score": 4.9754028837998305,
  "median_score": 5.0,
  "std_dev": 2.697859341085717,
  "min_score": 0,
  "max_score": 10,
  "high_value_papers": 1214,
  "high_value_percentage": 51.48430873621713,
  "very_high_value_papers": 660,
  "very_high_value_percentage": 27.989821882951656,
  "score_distribution": {
    "0": 53,
    "1": 143,
    "2": 269,
    "3": 332,
    "4": 347,
    "5": 286,
    "6": 268,
    "7": 185,
    "8": 158,
    "9": 100,
    "10": 217
  }
}