{
  "score_distribution": {
    "6": 36,
    "8": 14,
    "7": 21,
    "4": 19,
    "5": 29,
    "9": 5,
    "3": 6,
    "2": 4,
    "1": 4,
    "10": 2
  },
  "average_score": 5.65,
  "high_value_count": 107,
  "high_value_percentage": 76.42857142857142,
  "arxiv_comparison": {
    "arxiv_avg_score": 3.31175934366454,
    "arxiv_high_value_pct": 28.76025524156791,
    "score_difference": 2.3382406563354605,
    "high_value_difference": 47.668316187003505
  },
  "top_papers_avg_score": 7.44,
  "top_papers_scores": {
    "10": 2,
    "9": 5,
    "8": 14,
    "7": 21,
    "6": 8
  }
}